12.8781,14.2331,11.2977,-16.9066,-86.5476,-170.2266,4
7.8885,8.4125,15.1818,380.1259,-257.9338,-238.7689,4
0.4911,0.2662,17.6620,448.9734,-166.3814,-405.9437,4
-1.4087,-5.4867,18.8339,469.1760,156.1885,-537.9624,4
3.4737,-8.0853,19.6014,481.0168,492.1252,-396.2392,4
9.6813,-13.2358,18.6143,533.8731,446.9592,130.0045,4
13.0097,-16.4572,9.9493,395.0795,331.1759,20.6908,4
13.2197,-17.4795,6.7543,70.8005,15.4418,91.6745,4
10.8329,-13.8544,9.7351,-221.5570,-143.3101,97.2287,4
8.0997,-7.9298,16.4931,-438.5975,-298.1559,84.6555,4
4.6319,-6.5856,18.1525,-370.6045,-345.6412,281.0051,4
-1.5020,-5.5453,18.0861,-444.0296,-140.6246,411.5589,4
1.5667,-1.2071,19.6014,-539.9766,104.6750,398.1313,4
10.4727,6.7202,18.3996,-541.6856,297.0573,258.5442,4
13.8329,12.5174,12.8261,-317.7481,114.3795,-24.1088,4
11.2462,13.4004,10.5667,-31.3109,-90.5759,-141.3570,4
5.4927,5.3336,15.5706,336.1197,-203.0634,-235.3509,4
1.7084,0.6209,16.6809,440.6726,-77.2703,-425.1697,4
-1.1527,-4.7413,18.0789,449.8889,112.2433,-507.6891,4
5.0805,-9.4337,19.6014,467.4670,452.3303,-440.5506,4
8.9365,-12.9625,19.4327,529.1124,456.9080,137.0846,4
12.8362,-16.1282,10.7150,311.2785,289.8552,-6.2866,4
13.0965,-16.1036,5.4616,103.0270,47.6683,74.5847,4
10.7832,-13.6630,8.1643,-236.9989,-212.4017,60.1194,4
7.6289,-8.7068,15.0604,-357.5430,-320.1285,144.5308,4
2.7858,-6.2733,16.7760,-330.9927,-325.1334,280.0895,4
-2.5926,-5.0285,16.6857,-390.0136,-172.4238,387.6332,4
-1.9106,-2.6685,18.4540,-487.6696,158.4468,406.0048,4
8.6943,3.2446,19.5828,-521.2999,370.5434,350.0357,4
19.6014,13.5439,16.1665,-447.8748,350.1578,-21.1791,4
19.2640,16.9645,11.0859,46.5086,-134.9483,-216.7963,4
10.0462,6.7884,17.1032,423.2777,-374.9990,-201.1713,4
0.6532,-4.2406,19.5792,588.9266,-316.5885,-339.2325,4
-2.5148,-7.1982,19.2173,464.7815,91.7966,-612.6693,4
0.3816,-11.2737,15.7507,373.4121,363.0971,-361.8154,4
4.7132,-14.9383,13.1431,296.8132,399.3519,-53.7108,4
11.0967,-13.9597,8.4921,12.1459,410.6434,-155.3340,4
13.5535,-10.9130,6.5431,-142.6387,100.8908,110.4123,4
13.3304,-5.8833,8.4729,-266.1126,-77.0872,-20.5687,4
8.0721,-3.1962,12.1645,-285.9489,-309.6915,-92.8342,4
4.2777,-2.8474,13.2460,-132.1407,-352.2329,129.5773,4
0.1010,-3.2865,12.3020,-30.0292,-329.5889,280.4558,4
-4.1431,-4.2670,11.5585,-22.3388,-178.5884,306.0905,4
-3.8339,-3.9930,12.2847,-130.9200,117.9806,327.8189,4
3.7806,-1.6175,14.1224,-184.8139,324.7062,299.8039,4
11.5962,2.5674,11.2857,-208.6786,298.7052,172.5459,4
14.1673,5.1469,9.7561,-171.0811,72.6926,-31.0668,4
12.9750,6.0825,11.0548,-68.8474,-91.0031,-155.5782,4
7.3304,3.5162,13.4111,102.6608,-246.4593,-296.0197,4
1.7682,0.4929,13.9375,234.1912,-200.0727,-475.2795,4
-3.8919,-3.6167,14.3324,314.9406,96.8015,-561.5219,4
0.9708,-9.2177,16.2263,370.7876,316.7106,-365.5386,4
6.9385,-12.4061,16.6175,398.3144,495.1769,61.2791,4
12.7513,-13.2849,12.4863,289.5500,392.5160,142.8829,4
14.8522,-13.3944,5.7942,166.2593,143.7984,245.6658,4
11.0273,-10.9878,7.7952,-182.0673,-160.5830,84.8386,4
7.4267,-9.0197,12.4163,-326.3541,-350.9512,185.0581,4
1.3399,-7.4165,16.5655,-357.7261,-323.4855,263.3049,4
-1.3507,-5.6458,18.9260,-429.0150,-106.7502,460.7532,4
2.1696,-2.3282,19.6014,-638.4260,263.3660,317.2599,4
12.1375,6.9056,19.6014,-679.1974,315.5509,17.4560,4
14.3796,16.7772,13.3190,-447.7527,129.6993,-227.3553,4
8.8145,13.3328,14.5214,166.3203,-153.5030,-215.6976,4
4.6809,6.2039,18.4175,559.5688,-180.5415,-286.8645,4
-1.2394,-4.0474,19.5804,626.5853,-1.3427,-413.2679,4
2.3186,-9.3152,19.6008,573.3627,440.3064,-585.1425,4
7.3525,-13.4159,19.6014,596.4950,545.0425,44.1283,4
13.2532,-16.3322,15.2991,497.3742,468.5046,89.5993,4
16.0588,-16.5750,7.4584,155.5171,218.0780,36.3158,4
15.5198,-14.7122,7.2047,-150.9395,-163.0244,162.4141,4
8.6063,-10.4805,11.0530,-404.1737,-412.4134,50.2928,4
2.0327,-7.3758,17.7134,-451.9641,-429.4422,215.2094,4
0.5814,-5.0309,19.6014,-492.4303,-175.1094,454.7717,4
3.2949,-1.7353,19.6014,-551.0850,159.4234,400.0844,4
10.1599,5.8295,19.4793,-580.6870,253.7835,188.4150,4
12.8057,13.0839,14.4789,-412.3524,105.7736,-41.9920,4
10.7527,13.9088,12.9164,2.3193,-87.9514,-189.2084,4
5.8719,8.0775,15.4863,283.3244,-143.9205,-184.5698,4
0.7489,0.3355,17.5190,506.8956,-54.4432,-321.8985,4
0.8500,-4.4183,17.8719,488.4631,268.0046,-528.5631,4
4.0241,-9.9110,19.2861,483.9465,486.6930,-493.8341,4
9.7274,-14.7373,17.0506,503.4777,472.4719,124.5113,4
13.8454,-16.6474,12.7040,259.0935,381.8959,-13.9770,4
17.9413,-15.6622,6.5407,-6.9579,-50.2318,215.9418,4
12.0006,-12.8937,11.2905,-254.6990,-272.6433,30.9447,4
6.5575,-10.4057,16.1545,-397.5820,-445.7386,150.8174,4
-1.1425,-7.3782,18.4678,-422.9114,-319.8844,396.1171,4
-1.8346,-4.8305,19.6014,-494.5055,-70.2512,540.9531,4
7.4249,0.8015,19.6014,-584.7763,327.5748,434.2640,4
14.9354,7.2681,19.5224,-539.9766,365.1113,86.6086,4
17.4484,15.8997,10.1132,-316.4054,102.7829,-81.9700,4
9.1896,10.9357,12.6412,204.4062,-270.1408,-226.5008,4
2.4729,3.5108,16.8412,508.4825,-290.6486,-275.8782,4
-4.5756,-3.9409,17.8755,482.6037,-66.8943,-468.1384,4
0.3768,-7.5768,19.5176,383.7270,405.6386,-625.7918,4
5.4687,-11.1164,19.6008,467.7112,559.5688,-13.3056,4
13.0917,-13.4572,17.4939,419.3104,486.3879,29.1136,4
17.4221,-15.2303,8.0841,345.9463,234.6185,131.3473,4
11.3300,-16.5439,8.3820,14.7094,-188.1098,84.7776,4
6.7340,-14.3982,13.4572,-323.8517,-358.3364,112.7316,4
0.2895,-9.9110,18.3960,-401.1220,-357.1157,229.8578,4
-3.0735,-8.0985,19.6014,-511.7174,-116.4547,432.7991,4
0.5670,-5.2360,19.6014,-655.7600,283.2634,525.6334,4
12.6227,3.1543,19.6014,-769.2241,474.4860,305.4191,4
19.4829,16.4464,15.3338,-640.5623,252.1966,-115.4782,4
15.0466,19.5194,10.7294,-21.4232,-221.6180,-300.4142,4
4.4039,8.7792,17.7003,525.6334,-358.4585,-223.1439,4
-2.8540,-2.9431,19.5768,620.5428,-191.0395,-370.4824,4
0.7860,-8.2187,19.6008,612.2420,283.5075,-554.7471,4
5.1960,-10.8729,19.6014,602.9647,551.5122,-273.0095,4
11.4335,-16.1730,18.0634,640.3181,455.7483,121.4596,4
13.0420,-19.6020,9.3643,355.2236,226.3788,-53.8939,4
12.0233,-19.5882,7.2909,-70.4954,-92.7732,74.6458,4
7.2807,-14.8145,13.2592,-362.3037,-234.9237,54.1380,4
3.1944,-8.4867,19.1790,-507.3839,-278.5027,126.2814,4
0.6849,-6.9158,19.5846,-499.6935,-162.4751,368.5903,4
0.4037,-2.7756,19.6014,-608.0916,98.9987,342.7115,4
6.8404,4.3232,19.6014,-626.8294,236.5106,275.8782,4
11.5519,11.0937,16.7623,-514.0367,189.6357,-47.6683,4
10.8963,16.3244,11.4191,-35.5834,-97.5339,-221.1298,4
5.0697,8.7708,15.3200,309.0202,-194.1523,-198.1806,4
0.1310,-1.0689,19.2580,540.4038,-90.5149,-346.8008,4
0.0436,-4.7575,19.6014,579.5273,268.3098,-525.3892,4
6.1555,-11.4843,19.6014,630.3084,442.8699,-352.4160,4
9.3667,-17.6709,18.3296,653.7459,363.9516,136.9015,4
11.1744,-19.6020,11.9982,330.5045,253.1121,-64.8191,4
10.8939,-19.6020,6.8979,97.2287,25.6347,160.6441,4
7.6456,-14.7182,11.8689,-356.4443,-184.6308,63.7205,4
4.8664,-9.9385,16.3220,-535.0328,-275.3288,142.9439,4
0.4151,-6.7070,19.1383,-504.9425,-237.3651,324.6451,4
1.7748,-2.7702,19.5900,-532.9576,34.4847,460.0207,4
5.9419,1.1850,19.6014,-575.2548,275.2678,295.8366,4
14.0416,10.0055,16.0157,-458.8000,188.1098,9.4604,4
12.9421,15.6269,9.1866,-200.4999,-61.7674,-174.8042,4
4.8299,7.5194,14.1032,306.5787,-307.0060,-219.4818,4
0.4091,0.7621,17.7362,504.5153,-202.9413,-293.3952,4
0.4773,-4.2496,18.2997,530.6383,20.3246,-412.6576,4
4.5314,-8.4053,19.5314,529.7838,264.2205,-314.3912,4
7.6199,-10.2424,17.7954,519.9571,291.6252,-87.4631,4
9.1375,-14.1469,11.5346,424.0101,211.1200,-34.4847,4
8.2444,-15.4516,7.5918,139.4649,46.4476,-51.0862,4
6.9164,-14.7110,9.1190,-135.6808,-90.4538,11.2914,4
4.8245,-11.1631,13.0863,-242.1868,-137.3287,59.2039,4
0.7597,-10.0420,15.1298,-263.5491,-152.7095,244.1399,4
-1.8287,-8.6638,16.5373,-445.3724,39.4286,372.7407,4
3.0329,-3.9284,19.6014,-630.6136,343.6880,386.1074,4
13.8053,4.9040,19.6014,-677.7326,398.3754,265.4412,4
17.9802,15.4851,14.1996,-562.0102,132.7511,-189.3916,4
13.2155,16.5816,14.1260,-34.9730,-241.0272,-445.1282,4
4.2807,6.5030,19.4392,333.0679,-302.3674,-390.7460,4
-2.1128,-3.4815,19.5948,623.5946,-86.8528,-394.5302,4
2.1936,-6.9738,19.6014,636.3508,382.2011,-643.0037,4
6.7603,-15.2596,19.6014,742.7349,496.0924,-179.8701,4
10.3322,-19.6020,16.9591,652.0979,437.9871,28.3812,4
12.4713,-19.5906,9.3020,172.7290,229.7967,22.4608,4
11.5196,-19.4093,7.9148,-321.5934,-54.1380,109.7409,4
9.6496,-11.3497,16.1904,-553.4043,-198.9130,49.4993,4
5.9838,-7.3022,19.2347,-526.7320,-316.3443,185.9126,4
0.3212,-5.5399,19.5894,-504.4542,-152.7095,413.6341,4
0.6454,-1.7868,19.6008,-546.2632,82.5193,452.3303,4
10.4010,5.2642,19.5858,-565.4282,353.2705,306.0905,4
15.3122,12.1130,15.1465,-413.0848,200.5610,-75.4392,4
14.0380,15.3786,10.2993,-106.0788,-51.3304,-166.7476,4
7.9489,6.1465,16.6977,373.3511,-277.4651,-218.5052,4
4.0672,0.0765,19.5840,558.1651,-188.9033,-385.0698,4
1.4626,-5.2139,19.5996,605.5282,-24.2919,-498.8390,4
4.4051,-11.2313,19.6014,623.4725,261.6570,-478.9416,4
5.9647,-16.6725,19.1216,654.5393,288.0852,64.5139,4
7.5385,-19.6020,11.5088,259.8870,266.4788,-62.9270,4
9.8943,-19.4183,7.2526,-28.3812,117.7365,107.7878,4
9.3912,-11.8654,11.9455,-451.1096,-93.5056,45.7762,4
6.9601,-6.9493,15.7776,-544.3711,-240.9051,39.7948,4
1.3938,-4.2915,17.1481,-442.5647,-244.5062,214.9042,4
-1.1503,-2.8402,16.7868,-321.7765,-64.7581,400.7557,4
0.0041,-1.7443,17.2935,-361.9375,212.5848,325.6827,4
8.3060,3.2829,17.2666,-422.3622,372.1304,234.3744,4
16.9023,11.3336,11.2384,-335.2042,265.8684,5.9814,4
16.7132,12.5994,9.8446,49.1942,-140.6856,-199.4623,4
9.4851,5.2743,15.5300,397.2157,-349.5474,-301.8791,4
1.5744,-2.5704,19.6014,488.5241,-277.0378,-421.7518,4
0.3134,-7.2951,19.6014,506.0411,47.1190,-596.4340,4
0.8895,-12.1100,19.2789,555.4185,316.2223,-198.2416,4
5.0392,-16.9675,15.8404,478.9416,386.8398,32.9589,4
12.1645,-18.1028,10.8999,188.0488,388.9760,-20.3856,4
12.6945,-15.8578,6.4791,-98.3273,74.6458,185.7905,4
11.4855,-10.5439,8.8432,-304.0763,-121.8868,24.2919,4
3.8309,-7.2442,14.4771,-394.2250,-348.5708,51.2083,4
-1.5218,-6.9774,16.7252,-371.2759,-260.9856,295.1042,4
-2.8031,-5.0584,19.3136,-432.6160,111.8161,446.5930,4
5.8205,0.0095,19.5924,-498.1066,338.1949,390.9291,4
16.0606,9.8500,14.8827,-538.0845,347.2281,70.6785,4
16.8412,14.7254,10.5236,-199.1572,-32.4095,-218.8715,4
10.1413,10.4398,13.6857,149.6578,-247.1307,-244.3231,4
2.7547,1.1324,18.7393,458.7390,-272.2160,-310.9122,4
0.6933,-3.1471,19.3076,515.0743,0.1220,-506.8346,4
1.8646,-8.0057,19.6014,534.3614,233.1537,-551.9395,4
6.0723,-14.3527,19.2508,596.8002,371.6421,12.6952,4
8.6919,-16.8155,14.9988,406.6151,370.2993,-46.9359,4
11.8510,-17.8402,6.7034,194.3354,234.3744,17.4560,4
10.6014,-13.9136,8.2067,-159.4234,-65.4295,97.3508,4
9.1501,-10.7647,13.5003,-347.0450,-228.8202,81.2375,4
4.3992,-7.5559,16.8400,-306.4567,-281.1271,267.5774,4
-1.4494,-6.8321,17.8881,-377.9287,-165.3438,361.8154,4
0.9655,-5.3413,19.6014,-552.1836,179.4429,425.8411,4
8.0398,1.5625,19.6014,-690.0617,450.4993,270.6902,4
18.8853,13.5649,16.3023,-633.6043,353.9419,-31.2499,4
14.9605,17.3258,11.5375,-164.1231,-103.2101,-297.6066,4
9.1011,11.1242,15.9906,382.4453,-314.6354,-271.7278,4
2.2815,0.1363,19.6014,536.9248,-229.0033,-364.1958,4
0.8560,-5.1439,19.6014,592.0394,122.4972,-567.8696,4
4.9328,-9.5922,19.6014,678.2209,447.5086,-377.8066,4
8.7732,-16.5864,19.6014,720.2130,410.6434,118.0416,4
11.9922,-19.6020,12.4079,469.7864,376.8300,-70.8616,4
12.9038,-19.6020,7.0935,24.6581,81.5427,197.7534,4
11.4095,-15.4420,10.1324,-326.1100,-77.5754,110.2902,4
7.5056,-8.6255,17.1152,-533.0186,-292.4186,79.1013,4
2.6201,-7.3842,19.5571,-485.6554,-283.1413,283.2023,4
0.7471,-5.3934,19.5996,-497.4962,39.7337,544.4932,4
5.0129,0.6759,19.6014,-539.9155,301.6960,488.7072,4
16.0761,9.1836,18.5814,-601.3168,439.1468,134.5211,4
19.1766,16.1748,11.3024,-314.5744,61.6453,-158.8130,4
12.6430,13.5744,12.2291,81.1765,-203.7958,-232.0550,4
4.6055,1.9208,18.9320,513.3043,-322.5089,-181.0908,4
1.4261,-2.9820,19.6014,575.9262,-129.4552,-384.4594,4
1.1682,-7.0396,19.6014,547.3008,75.7444,-495.6652,4
5.8839,-10.0725,17.0739,434.8133,307.7384,-362.5479,4
8.2271,-12.5575,13.8622,367.3696,288.8786,-76.1106,4
9.4217,-14.3431,8.7882,111.3888,177.4897,-128.5397,4
9.7734,-13.2364,6.8871,-30.9447,45.2879,-48.0955,4
8.7505,-11.0201,8.6494,-197.0209,-137.2066,29.9681,4
6.1776,-7.5266,11.4699,-240.9661,-234.4964,62.4998,4
1.9435,-6.1244,13.1892,-186.0957,-243.9568,200.9882,4
-1.6552,-6.5330,14.0656,-162.4141,-120.2389,397.2768,4
0.8991,-6.0364,16.1395,-291.9914,166.6865,427.0618,4
5.9850,-2.2169,17.9946,-411.1927,338.7442,361.1441,4
14.1906,5.3946,15.0526,-509.8253,354.0029,154.2354,4
16.7030,10.1162,11.3976,-284.0568,60.1194,-76.0496,4
12.7495,10.0331,10.7431,-14.7094,-181.7011,-152.5264,4
5.4227,3.2428,15.5359,282.3479,-328.9176,-253.5393,4
0.6382,0.4875,16.6606,368.8345,-208.2514,-431.0902,4
-2.7792,-4.5870,16.9848,405.5165,134.8873,-584.7763,4
2.6267,-9.9690,18.6891,431.7615,361.8765,-451.6589,4
8.7188,-14.6075,15.9768,475.2795,415.4652,89.7214,4
11.9916,-15.7316,10.1712,244.2010,299.0715,-8.7890,4
13.2059,-14.9198,5.1972,80.3830,38.0858,98.0222,4
7.2855,-12.5258,10.6014,-218.2611,-232.5433,-10.6200,4
3.4869,-10.3800,14.6374,-309.7526,-287.5358,193.6030,4
-1.7796,-8.5016,16.3675,-311.2785,-204.2841,333.9835,4
-1.2598,-5.6315,18.4020,-441.5271,74.1575,447.6917,4
3.6526,-2.3473,19.6014,-558.1651,354.7354,376.2807,4
13.5589,5.8253,18.6107,-571.1044,395.2626,238.9520,4
18.0012,12.7609,11.8857,-327.5137,141.9674,-67.9929,4
15.1226,12.1752,10.9310,150.5123,-264.0374,-133.8497,4
7.2490,3.5455,17.7200,403.3192,-368.8955,-304.8087,4
-1.0079,-2.7726,18.7914,451.7200,-270.6902,-432.6160,4
-3.5952,-5.5064,17.8576,458.6169,73.4861,-621.5194,4
0.2721,-10.7425,17.2498,454.7717,361.0220,-345.8853,4
5.5986,-16.1467,16.2538,429.5032,406.3099,22.7660,4
13.1019,-15.5060,10.3848,130.1266,425.5970,-26.6112,4
16.0307,-12.2500,5.9790,-86.7307,60.4856,106.2008,4
12.1483,-8.7583,9.2668,-213.4393,-187.4384,-30.6395,4
4.2801,-8.0428,14.8020,-218.2001,-365.0503,58.2273,4
0.0370,-8.0356,16.4362,-154.7237,-288.2683,330.0162,4
-5.6309,-8.1996,15.4073,-260.8025,-125.4269,399.8402,4
0.1938,-3.6568,19.5864,-555.7236,272.0329,421.4466,4
9.8350,1.7461,19.5667,-653.1355,477.7819,270.3240,4
19.2807,13.3561,14.9030,-452.6355,180.5415,-189.1474,4
14.8492,15.5276,12.4773,-91.0642,-140.2584,-310.3019,4
5.9850,4.5338,19.6014,420.4090,-328.0020,-338.2559,4
0.8470,-1.6785,19.5649,617.8572,-106.2619,-470.2136,4
1.8681,-7.8957,19.6008,673.7043,160.2779,-621.6414,4
5.2037,-15.5030,19.6014,710.3253,394.5302,-156.8599,4
6.9320,-18.5784,16.4189,504.2101,373.5952,-31.7992,4
11.2079,-19.5870,9.5174,222.7777,323.1803,-109.7409,4
12.8590,-16.0163,8.7738,-167.8462,39.4286,185.9736,4
12.1034,-10.8717,11.8008,-475.7067,-200.8661,-19.1039,4
7.3890,-5.4915,16.5098,-403.8685,-357.3599,126.8307,4
0.7202,-4.7300,17.4903,-315.4898,-333.4952,280.9440,4
-3.6119,-4.3974,17.7679,-285.3386,-108.1540,437.2547,4
-1.7276,-2.5938,19.1431,-443.0530,300.4142,377.3793,4
11.1726,4.1347,19.5511,-498.6559,487.7306,296.6911,4
19.6014,14.1134,10.2149,-340.1480,287.7800,0.6103,4
18.4337,14.5968,9.1226,105.2243,-191.4057,-189.6967,4
9.5665,5.3024,16.5858,362.1206,-356.6275,-265.8074,4
0.8506,-2.9605,19.6014,502.1959,-280.5778,-462.1570,4
-1.5768,-5.8241,19.6014,534.7276,77.2092,-651.7927,4
2.2277,-13.2687,19.6014,581.9077,357.7261,-177.3677,4
6.2309,-18.1681,15.4666,484.8009,387.5722,76.7820,4
12.3649,-17.6727,8.3001,105.7736,356.2612,-69.2747,4
14.2809,-14.3114,7.1276,-162.9024,23.6815,156.1885,4
12.0801,-8.9551,11.0530,-303.6491,-172.4238,5.8593,4
4.1856,-7.0462,14.5645,-288.6955,-385.0087,97.4728,4
-1.9124,-7.0713,15.6400,-260.8025,-290.0993,310.0578,4
-5.1104,-6.4923,17.8259,-303.4660,-52.7342,460.6921,4
4.0408,-2.7134,19.5708,-419.6766,407.3475,508.6046,4
14.0721,2.6494,19.4859,-521.9713,555.0523,241.0272,4
19.5822,12.8428,10.3453,-270.2629,78.9792,-74.1575,4
17.0189,11.3443,11.6572,33.0199,-292.9679,-234.0081,4
9.0861,4.3405,17.9784,380.3090,-496.3976,-327.3307,4
0.4582,-3.0789,19.5744,449.1565,-268.9812,-518.4923,4
-3.5078,-7.7353,19.2149,431.8836,16.5404,-589.3539,4
2.4496,-12.1040,17.1379,388.7319,378.2338,-386.5346,4
6.6035,-14.4406,15.6083,325.3165,433.5316,9.7045,4
11.8211,-14.6775,9.4295,178.5273,386.9618,-76.8430,4
13.3938,-12.2213,6.0789,-22.0946,77.3923,53.1004,4
11.1230,-10.4841,8.7373,-174.0718,-188.6591,0.3051,4
5.7565,-9.0352,13.9118,-179.8091,-285.2775,100.6467,4
-2.0668,-9.3074,14.1864,-178.6494,-262.8777,300.4142,4
-5.0931,-8.6321,15.1136,-406.3099,17.3949,415.0990,4
1.0522,-3.6957,19.6014,-550.1084,280.9440,469.4812,4
14.3264,4.7772,19.6014,-626.4022,501.7077,288.0852,4
19.6014,12.4378,15.3499,-469.1150,213.8056,-125.5489,4
18.2392,15.9589,12.4995,-144.5919,-163.8179,-347.3501,4
7.1491,4.0253,19.6014,396.7885,-408.3851,-397.4599,4
1.6564,-2.8636,19.5726,621.2752,-187.8657,-422.9114,4
0.8452,-7.1688,19.6008,624.6322,189.5136,-585.5697,4
3.7824,-14.5878,19.5158,644.2854,348.8150,-358.9468,4
6.5342,-19.5098,14.9904,507.5670,362.1817,14.2211,4
9.6107,-19.5864,9.8733,102.0505,300.2922,-51.2083,4
12.7298,-16.4416,7.7377,-131.7135,106.0788,146.7281,4
11.3671,-9.0592,12.3044,-432.6771,-155.7613,18.0663,4
7.6851,-5.9928,15.2087,-417.5404,-319.7623,78.0637,4
1.6235,-4.7294,17.5639,-328.4903,-302.7946,261.3518,4
-2.4532,-4.4446,17.3617,-267.8215,-95.0314,423.3997,4
-1.9549,-2.8031,17.6739,-404.1127,247.3748,354.0640,4
7.6265,2.9946,18.2973,-446.9592,457.9456,231.2616,4
17.5411,11.3665,10.2634,-314.3302,328.3682,69.9461,4
15.2351,10.6839,8.9246,76.7820,-118.9572,-59.0818,4
9.4372,4.9046,13.3429,354.3081,-329.5279,-219.4818,4
2.4023,-1.8927,17.2791,401.1220,-284.6672,-315.4898,4
0.8159,-5.2570,16.7383,408.1410,-61.0349,-466.6125,4
0.8021,-7.6061,17.1601,403.7465,188.7812,-415.4042,4
4.4883,-11.8857,14.4939,427.0008,268.6760,-215.3925,4
6.9409,-14.5639,9.7908,299.8649,242.6141,-27.6488,4
8.4436,-14.3826,7.9298,72.2654,103.1491,44.0062,4
8.7314,-12.2261,8.8689,-71.5940,-13.0004,100.7687,4
6.1770,-9.2135,12.1316,-211.3641,-151.1837,91.1252,4
3.2303,-8.1248,14.3114,-238.7078,-199.0351,260.0701,4
-2.0303,-7.2424,14.6823,-380.6142,-36.9261,301.5129,4
0.0340,-4.4781,18.4313,-472.7770,152.0992,373.1679,4
5.7206,-1.0253,19.6014,-541.1973,373.6562,304.8698,4
14.6781,6.8045,15.3350,-474.3640,260.3142,19.4701,4
15.9230,12.9361,10.7114,-295.1042,0.4272,-153.8081,4
8.6069,8.6991,14.8390,128.0514,-267.9436,-308.7150,4
3.7806,2.8983,17.8953,438.0481,-228.6371,-351.3784,4
0.5036,-3.7334,19.5284,543.0894,-66.2229,-422.1180,4
2.5363,-8.4341,19.5990,560.7895,262.2063,-539.7935,4
5.6614,-12.7740,19.3148,597.4716,382.3232,-120.6051,4
8.0027,-17.8426,13.2999,479.0637,339.9039,32.1044,4
11.3593,-18.4600,7.5110,123.3517,233.2757,-36.9872,4
11.8636,-15.6574,7.0073,-201.9648,-61.0349,145.3243,4
9.3804,-9.4307,12.1830,-425.2918,-238.8909,18.0053,4
4.5098,-5.8348,15.9708,-388.9760,-309.1422,153.4419,4
0.0897,-4.2400,16.1144,-329.3448,-230.5291,322.0206,4
-1.1545,-3.5108,16.3280,-283.5075,-10.0097,421.6908,4
2.0159,-1.6031,18.2823,-317.6871,190.8564,408.3851,4
10.7581,4.2969,14.7553,-382.5673,384.1542,230.2850,4
16.0881,8.9551,10.7671,-252.2576,156.7378,8.1176,4
14.2713,10.2275,9.4845,-49.3162,-106.3229,-127.5021,4
6.4097,4.1048,14.6835,246.7034,-309.5695,-268.1267,4
1.8107,0.0538,16.7162,373.3511,-202.8193,-432.9212,4
-1.3680,-4.1407,17.4167,414.5497,-10.8642,-536.5586,4
2.9982,-8.8779,19.2251,450.1941,316.4664,-468.8708,4
6.5264,-12.1782,17.4161,489.6838,394.0419,-44.6165,4
10.3549,-15.7172,11.7086,292.5407,284.6062,-2.0751,4
12.6831,-16.0151,7.4123,101.8674,135.8028,62.4998,4
10.5439,-12.3415,10.2299,-195.0068,-134.4600,91.8576,4
7.2221,-10.2191,14.4981,-297.9118,-294.2497,171.0811,4
0.7435,-9.1836,15.6939,-335.9366,-286.9865,262.4505,4
-2.7110,-6.6699,19.2747,-503.8439,-36.4989,445.7996,4
2.4472,-2.8546,19.5930,-630.7357,339.5376,457.4573,4
14.3587,6.0257,19.5577,-624.3880,428.8929,285.4606,4
19.0349,15.9750,11.3072,-440.0623,128.7838,-124.6945,4
14.1481,16.0031,11.3706,96.1301,-265.9295,-296.8742,4
4.7850,5.4083,18.4211,496.8248,-330.2603,-287.9020,4
-2.1457,-2.9766,19.5822,539.6714,-163.5738,-461.1194,4
1.3764,-7.5439,19.6008,518.3702,255.2483,-669.5539,4
5.7655,-11.3934,19.6014,600.2182,516.7833,-138.3663,4
11.7439,-16.7001,18.8255,592.7108,471.8005,165.4658,4
14.6829,-19.3998,7.3651,280.8830,293.1510,-25.0853,4
14.4400,-18.1411,5.1260,-148.6202,-105.8346,110.1681,4
9.7340,-11.8426,12.5377,-409.2396,-276.5495,-2.9907,4
4.1497,-7.2335,18.7872,-421.9349,-387.2670,104.9802,4
0.3535,-6.5485,18.6664,-328.0020,-274.6575,371.0317,4
-3.2362,-4.9950,19.0630,-427.7943,63.1712,466.1853,4
4.1431,0.4929,19.5918,-498.3507,335.1431,424.6815,4
13.2353,5.1726,19.1425,-444.7620,466.8567,233.8250,4
19.6014,13.4422,8.7439,-154.7237,44.3724,9.0942,4
15.4755,10.6965,10.6959,93.9938,-283.2023,-147.6436,4
7.9579,4.1300,16.7461,357.6040,-428.1605,-302.8556,4
0.3158,-2.5166,19.5966,403.7465,-201.6596,-504.0270,4
-2.5669,-6.2997,18.6364,393.2485,56.7625,-627.4398,4
3.4450,-11.3353,18.3577,399.9013,402.6478,-413.2069,4
7.2065,-13.9980,16.1509,364.8061,443.2361,17.7611,4
12.4414,-14.7613,9.9571,206.2372,393.0043,-42.6024,4
15.0735,-12.1435,6.1250,-17.8832,95.8859,73.0588,4
12.7645,-9.9643,8.0225,-183.6543,-223.5101,-17.6391,4
5.2959,-8.9994,12.8231,-177.7949,-342.7115,58.0442,4
-3.0670,-8.7607,15.0370,-223.2050,-325.3775,254.9431,4
-4.8867,-7.9304,16.8018,-407.4086,0.1220,393.4926,4
2.4352,-3.4522,19.6014,-525.8775,255.1262,471.9836,4
15.6382,5.4388,19.3274,-599.9130,441.9544,228.8202,4
19.6014,12.4875,13.2981,-391.9667,81.9089,-93.5056,4
14.2672,13.6384,11.3605,110.8395,-337.2183,-255.7366,4
3.5802,3.9774,18.0592,378.7221,-398.2533,-224.6698,4
-2.8331,-3.5940,19.5738,496.8248,-163.5738,-405.3944,4
-3.1489,-6.7585,19.6014,506.0411,204.6503,-484.4958,4
2.2265,-11.4682,19.4901,472.1667,412.9017,-388.3046,4
8.6458,-14.1894,14.5830,392.3329,474.9133,-34.1795,4
12.5018,-14.1326,10.0857,164.1841,330.6265,-4.0283,4
15.6143,-12.0741,6.1501,13.9159,126.6476,59.2039,4
10.6887,-10.1072,8.9186,-166.6255,-230.4681,58.0442,4
4.3453,-9.8105,12.1178,-276.3054,-379.2104,158.2637,4
-3.1651,-8.5363,15.8584,-356.2002,-310.2409,305.6632,4
0.7848,-4.6175,19.6014,-522.7647,35.1561,441.4051,4
6.5724,0.0083,19.5972,-593.6264,338.1339,324.6451,4
16.0378,10.4081,16.0241,-471.8615,170.6538,-30.2123,4
13.1712,14.5483,11.1637,-194.2133,-101.5012,-165.2217,4
4.0935,6.9003,14.9365,276.8547,-291.0148,-150.0240,4
0.7507,1.0085,16.8478,412.5355,-138.1832,-282.7141,4
-2.5238,-3.7686,17.0213,375.7924,102.5998,-467.1008,4
2.4071,-7.0594,17.9760,371.6421,390.7460,-469.6033,4
6.2644,-9.2997,17.7942,454.2224,447.0203,-84.4724,4
11.0213,-12.4019,12.7363,440.0623,402.2816,18.5546,4
13.8119,-14.7810,7.8909,331.7252,135.1314,186.7060,4
10.8592,-15.4815,6.4606,7.5073,-174.5601,130.1266,4
4.6432,-13.6630,10.9902,-214.3549,-302.4894,180.9077,4
1.1072,-9.1573,17.9706,-468.5657,-224.4256,345.2749,4
2.1050,-5.8875,19.6014,-623.1063,-5.9814,371.5810,4
4.7527,0.9834,19.6014,-731.4434,120.6051,180.2973,4
11.0057,7.7312,19.6014,-688.2916,186.7060,30.2733,4
13.9124,15.6795,16.7168,-409.9721,97.4728,-227.9657,4
10.9351,15.2686,14.3234,167.1138,-147.8878,-246.2151,4
3.5353,5.3772,17.4885,461.2414,-186.1567,-239.3792,4
-1.3938,-3.9266,19.6008,645.9334,80.6272,-512.4498,4
2.5160,-9.0233,19.6014,696.2872,480.2844,-472.0446,4
9.2566,-15.9332,19.6014,752.5615,491.2707,9.3383,4
11.6781,-19.6020,15.0341,598.5702,356.6885,111.6940,4
12.7866,-19.6014,7.1844,-11.0473,187.1333,105.0412,4
13.1641,-14.6291,9.4935,-398.0092,-15.1366,145.3243,4
8.4029,-7.8095,19.4614,-649.9006,-253.0511,10.9252,4
4.0235,-5.3820,19.4865,-533.2017,-280.9440,235.3509,4
-1.9591,-2.4628,17.5734,-414.9769,-126.1593,375.6093,4
0.8602,0.7345,19.6014,-434.3861,102.9660,350.0357,4
11.5770,6.6299,19.6014,-512.6329,466.1853,190.7343,4
17.9922,14.6727,12.4079,-245.0555,230.5902,-69.2136,4
15.2446,13.9782,9.4241,132.0797,-103.8815,-66.9553,4
7.0498,2.3778,18.2542,446.3489,-300.5363,-213.8666,4
2.0482,-2.0356,18.9900,446.8982,-143.1881,-419.4935,4
0.4666,-5.1589,17.9030,417.6014,58.8377,-498.5338,4
3.2853,-8.3473,18.6963,434.4471,317.6871,-389.7695,4
6.1986,-11.5429,17.2462,526.1217,354.4302,-3.6010,4
8.4681,-15.9242,11.4454,378.8442,222.2284,83.4958,4
9.5294,-17.2181,7.5577,117.6144,117.0651,79.0403,4
9.9415,-14.2522,9.3595,-272.8874,-43.7620,172.1797,4
7.5487,-9.4265,13.5493,-479.1857,-181.1518,183.9594,4
3.8907,-6.0927,17.6524,-535.0328,-202.7582,251.2200,4
2.4538,-3.1806,19.4010,-627.9891,-91.3083,243.2855,4
4.8089,2.0697,19.5972,-607.2371,90.1486,221.0687,4
10.4973,9.7944,18.2351,-530.2110,141.2960,40.8324,4
10.0097,13.7988,12.9858,-188.8422,-54.5652,-169.3110,4
4.0851,10.6097,12.3625,226.5008,-127.5631,-180.7856,4
0.6131,2.6027,16.0935,339.1104,-21.3012,-259.2156,4
0.5294,-1.4309,16.5960,367.3696,235.3509,-439.2688,4
3.1435,-4.2795,18.4618,405.6386,454.1614,-357.7261,4
7.8999,-8.4472,19.0008,502.4401,513.1822,-133.6666,4
12.5754,-13.4769,15.2518,586.8515,408.0189,161.4986,4
13.5966,-16.3064,10.4847,351.6836,151.4888,144.7750,4
12.1764,-16.4835,7.6833,55.2977,-52.6121,104.8581,4
7.0085,-12.0352,12.8530,-379.8208,-297.0573,10.4369,4
2.2007,-9.4420,16.5535,-529.3565,-360.4727,103.3322,4
0.5527,-6.6717,19.6014,-576.4755,-151.7940,390.1357,4
3.2584,-1.9328,19.6014,-615.6600,49.0111,444.8841,4
9.9463,7.1407,19.6014,-726.0113,222.0453,130.9811,4
11.4747,14.7110,15.6538,-490.3551,38.1468,-189.6967,4
5.5459,15.9128,11.6769,-84.2893,-125.3048,-209.2890,4
0.4007,5.8325,17.0614,425.5360,-149.1085,-115.9664,4
-1.9429,0.6394,19.6014,534.2393,121.9479,-288.9396,4
0.6065,-5.4969,19.6014,523.6802,336.6080,-363.8906,4
6.1722,-8.8809,19.6014,547.6670,525.0230,-183.4101,4
11.2462,-11.6961,19.6014,670.2863,459.7156,127.0138,4
12.7005,-17.3156,12.7992,533.5069,154.9678,165.7710,4
9.2057,-19.6020,6.3206,181.7011,-19.4091,65.1853,4
6.7986,-18.1549,9.2697,-367.7969,-221.0077,126.8307,4
2.9138,-11.7852,18.5706,-634.0315,-230.5902,205.8100,4
2.0584,-6.8021,19.5750,-695.8600,-128.7838,354.0029,4
6.3601,0.0173,19.6008,-739.0728,92.9563,366.0879,4
10.3926,6.3332,19.6014,-744.3218,117.3092,2.1362,4
9.5898,15.8937,15.4821,-554.5640,-44.7996,-198.1806,4
4.4548,16.6725,12.9661,14.5873,-206.4813,-211.3031,4
0.6945,7.8652,16.5786,442.7478,-104.4308,-168.7007,4
0.3619,-1.1353,19.6014,520.3233,71.6550,-274.1081,4
1.6432,-3.9774,19.5798,576.2924,313.6588,-337.8897,4
7.9734,-7.0235,19.6008,632.7498,403.0751,-188.9033,4
12.2811,-10.8335,19.4261,704.5880,325.9269,11.5966,4
9.9176,-17.3790,11.9653,642.0271,60.1805,123.1075,4
6.4582,-19.6020,7.7503,132.2018,-88.2566,43.6400,4
3.0879,-17.4658,9.8829,-253.8445,-137.9391,120.9103,4
2.3934,-10.8490,18.9667,-599.7299,-99.3039,231.6278,4
3.6538,-7.8771,19.5924,-688.0475,36.1327,341.3077,4
6.0346,-2.4556,19.6014,-687.4371,136.1080,359.9844,4
12.4450,4.0241,19.6014,-676.5119,260.0701,248.9617,4
16.2658,10.3746,18.3050,-555.6626,91.5524,-113.3419,4
10.2687,15.9188,10.5332,-266.3567,-163.5738,-277.5261,4
1.7730,8.4179,13.6127,287.7189,-322.8141,-111.8161,4
0.4049,2.0566,17.2755,481.1389,-148.9864,-234.4354,4
0.3720,-2.9126,17.8582,469.4812,121.5206,-347.3501,4
4.3220,-4.9860,15.9714,452.3303,227.9046,-324.2179,4
7.7347,-7.3166,15.6927,466.4294,239.5013,-163.1465,4
9.4941,-9.6717,14.9330,461.7908,182.6167,-59.2039,4
9.3308,-12.8590,10.9190,368.2851,97.5339,30.7616,4
7.8179,-13.4745,8.3748,92.5290,-15.5639,50.9031,4
6.9529,-12.4390,9.6514,-161.9258,-111.3278,158.9351,4
3.9182,-10.4883,13.9172,-280.5778,-162.9024,191.6499,4
0.3577,-8.3677,16.5828,-490.5993,-72.5095,220.2753,4
1.9782,-5.5387,19.6014,-667.4177,206.6645,395.4457,4
12.2273,1.8915,19.6014,-718.1988,356.8106,264.5867,4
16.1569,13.3728,13.4895,-615.9041,150.3902,-104.3088,4
11.2749,16.3118,10.4380,-158.4468,-233.0316,-258.3611,4
1.8143,9.7351,15.6263,163.2075,-292.7238,-234.3133,4
-3.1238,2.0979,18.3385,367.9800,-79.2234,-307.4332,4
-2.8073,-1.6654,18.5312,447.3255,321.7765,-411.7420,4
7.3411,-5.9916,19.6014,509.8863,590.7577,-285.2165,4
13.7790,-8.3276,19.6014,627.7449,561.0947,8.4228,4
15.2285,-10.9752,17.3988,676.5119,244.3841,135.1925,4
11.8516,-16.6420,10.7629,402.6478,-30.2733,66.8943,4
7.6067,-18.3840,8.4065,44.7386,-101.9894,85.7541,4
6.5222,-15.8297,12.6741,-391.7226,-196.1664,212.8290,4
3.9110,-10.7461,18.9421,-686.9489,-140.3194,242.3089,4
5.1529,-6.1070,19.5852,-810.9110,-51.8797,338.4390,4
8.2295,-1.3375,19.6014,-851.4992,107.9709,302.3063,4
12.2309,8.1673,19.6014,-716.3677,91.9797,27.5267,4
10.3112,16.3986,14.7954,-461.0583,-65.7346,-100.3415,4
5.0697,16.3998,11.7589,76.2937,-193.4199,-160.8882,4
0.1896,7.6049,16.1892,462.2790,-116.6378,-135.9859,4
-1.2652,0.7016,18.7992,519.6519,48.0955,-243.9568,4
3.0305,-4.4745,19.4548,498.2286,356.9937,-411.1927,4
7.8903,-6.6783,19.6014,533.1407,490.1720,-208.0072,4
12.5377,-9.0233,18.9619,606.5658,413.0848,-19.2260,4
12.5623,-13.6899,13.6576,566.7099,183.5932,49.3773,4
9.9954,-15.6131,8.7044,255.2483,-18.3715,81.4206,4
8.1026,-15.4905,9.3272,-37.6585,-91.0031,109.2526,4
4.6283,-12.3894,14.6715,-396.6054,-200.2558,163.8179,4
2.4137,-10.7096,18.8285,-642.3933,-166.3203,215.1483,4
2.4699,-6.6131,19.5792,-751.4628,-46.5697,380.9194,4
9.5611,0.7920,19.6008,-849.7902,205.0165,319.7013,4
13.6917,8.4693,19.6014,-776.1820,140.5025,-34.2406,4
9.7232,17.6853,13.2777,-306.8839,-177.1235,-245.5438,4
0.0203,13.6008,13.8442,110.2292,-247.0086,-182.1284,4
-3.8249,3.0801,19.6014,471.8615,-58.5936,-212.5238,4
-3.1387,-2.3730,19.5714,534.2393,349.9747,-361.4492,4
5.4819,-6.6646,19.6008,518.4312,606.0165,-413.2679,4
12.1052,-8.7619,19.6014,602.4765,650.5720,-48.2176,4
15.3918,-10.5332,19.6014,671.9343,447.3255,116.8820,4
14.3102,-15.0221,13.0707,642.5154,182.5556,182.3115,4
9.6490,-17.3497,7.5529,254.1497,-105.3464,108.8864,4
6.7692,-16.4243,9.3930,-243.0413,-293.3341,101.1349,4
2.9850,-12.5802,17.4550,-619.1390,-307.6163,144.7750,4
2.8019,-8.6979,19.5685,-758.7260,-236.3275,224.6087,4
6.0113,-2.5992,19.6008,-808.5306,-26.9774,456.4197,4
8.9868,2.9030,19.6014,-768.7968,127.9903,232.1161,4
12.3290,11.6853,18.9122,-658.8728,55.7249,33.8133,4
5.6362,16.5421,12.0699,-283.9348,-159.3623,-244.2010,4
0.4588,12.7962,12.5222,300.1701,-176.5132,-102.7219,4
-1.1880,3.0448,17.9288,518.6143,-70.9837,-123.5958,4
0.2261,-3.7292,19.6008,590.0253,170.5317,-300.6584,4
2.7798,-5.8157,19.6014,511.5953,414.1224,-389.2201,4
7.6558,-7.8939,19.6014,482.2985,472.5939,-131.0421,4
12.0819,-9.3714,17.2139,456.5418,448.3020,-78.4299,4
13.4530,-10.6989,12.8039,388.4267,183.2881,130.7980,4
11.2695,-12.4618,7.5092,134.6432,-75.4392,26.3060,4
8.0584,-12.3236,9.2261,-57.8001,-218.3832,51.6356,4
4.3615,-10.3405,16.5433,-297.2404,-356.8106,96.6184,4
0.3104,-9.7495,18.0490,-458.0066,-262.5725,265.0750,4
0.5192,-6.9487,19.6014,-548.4605,-81.6037,456.7859,4
6.6083,0.7435,19.6014,-677.2443,229.6746,417.4183,4
12.1220,4.7611,19.6014,-679.9909,227.5384,143.7984,4
13.2263,13.9136,13.1850,-558.8364,56.8235,-101.9894,4
6.6729,14.8289,11.6799,-85.9372,-194.2133,-172.0576,4
2.7026,9.7908,15.0550,378.9663,-208.8007,-166.4424,4
-1.1264,0.6358,19.6014,528.0748,0.4272,-303.5880,4
0.9684,-4.4446,19.5421,503.7828,196.8378,-387.5722,4
3.2350,-6.6418,19.6014,437.4988,490.3551,-379.3935,4
9.8285,-7.9573,19.5864,511.5343,493.2848,-85.2048,4
12.5527,-11.2624,14.7613,555.6626,350.9512,107.6657,4
11.1720,-14.5028,8.2414,374.2666,87.4631,76.7209,4
9.4360,-15.0293,7.4225,-20.8739,-105.5905,104.1257,4
7.4757,-11.7541,12.5856,-237.1820,-235.1678,152.0992,4
2.7637,-9.3708,16.9651,-488.8293,-307.3112,96.9235,4
0.1950,-7.4691,19.6014,-584.2269,-209.2279,333.3731,4
1.5200,-4.0169,19.5996,-586.5463,-16.5404,501.7077,4
10.0857,2.5561,19.6014,-674.1315,277.7092,322.3258,4
15.1124,10.3088,18.9726,-686.2775,152.5264,-124.9996,4
9.8458,18.0041,11.7499,-410.2772,-103.3322,-351.6226,4
0.9409,11.1284,14.7110,244.3841,-263.7932,-186.0957,4
-2.1080,3.4911,19.1976,508.4215,-75.6834,-290.0383,4
-2.8761,-3.5030,19.4680,533.4459,328.4293,-444.1517,4
5.4275,-7.2011,19.5984,488.4631,545.0425,-364.2568,4
12.5240,-8.6919,19.6014,554.0757,585.4476,-27.8319,4
15.1142,-10.8305,18.4594,616.3314,342.7725,164.7334,4
13.3692,-14.3671,9.8081,514.1588,84.9607,183.4712,4
9.4689,-15.8506,8.2636,130.0655,-149.6578,76.9040,4
7.1042,-14.8833,12.2668,-275.2068,-342.9556,121.4596,4
1.2251,-12.4773,16.0893,-481.7492,-274.3523,110.7174,4
0.0693,-8.4945,19.6014,-726.3775,-129.7604,426.2073,4
5.1487,-4.6917,19.6014,-815.6717,212.6459,519.1636,4
14.8977,4.5385,19.6014,-815.9158,304.8087,174.3769,4
17.0345,16.5852,16.0037,-684.0192,88.7448,-144.1036,4
10.7348,19.4548,12.4827,-100.2194,-295.2873,-293.8224,4
1.1509,10.9292,16.6779,460.1428,-317.6261,-167.5410,4
-2.8175,0.3972,19.5798,577.3911,-148.3760,-261.8401,4
0.4235,-5.2654,19.6014,532.1641,290.5876,-500.9752,4
5.0069,-6.5898,19.5918,449.1565,579.6494,-326.4151,4
12.3696,-6.9445,19.6014,473.5705,574.6445,-156.4327,4
15.1286,-9.9870,15.7459,529.1734,385.8022,45.7152,4
14.0805,-12.3936,10.8963,390.5019,64.2698,118.2247,4
10.4841,-13.8747,6.5192,137.3897,-83.4348,3.8452,4
8.0614,-11.6805,12.0825,-185.9126,-263.4880,89.5383,4
5.3007,-9.5790,15.1465,-434.3250,-375.3041,80.8103,4
1.5014,-7.6821,18.5126,-504.9425,-265.2581,207.2748,4
1.8669,-3.9224,19.5774,-557.1885,-63.5374,460.8752,4
4.5320,-1.1587,19.6014,-575.2548,139.3429,393.0043,4
10.2508,5.8229,19.4817,-622.3128,205.5048,106.3840,4
12.4073,13.5744,13.6929,-507.3229,91.5524,-82.0310,4
6.7459,14.4119,10.3184,-38.6961,-142.7608,-165.1607,4
2.7308,9.0598,13.6552,390.0136,-197.1430,-172.1186,4
-1.7204,0.3349,19.0085,477.5988,-92.5900,-277.8923,4
-1.1371,-5.1038,19.6014,432.4329,277.3430,-435.1184,4
4.8562,-7.2143,19.5984,416.0755,584.6542,-258.6052,4
12.2219,-8.2899,19.6014,488.8293,587.6449,-39.3065,4
14.5764,-11.8468,14.4813,584.0438,343.5049,166.0762,4
12.6682,-14.9246,9.5168,395.8730,8.4228,94.6042,4
8.4747,-16.8185,7.6905,110.1681,-120.3610,75.1951,4
5.1738,-13.7994,14.7661,-291.1369,-260.6194,161.3765,4
1.6247,-12.0400,17.8235,-614.3782,-221.3739,188.8422,4
0.3690,-8.2534,19.6014,-828.6111,-37.6585,438.1092,4
7.3716,-2.0440,19.6014,-828.0007,155.3951,479.6130,4
14.6464,9.2733,19.6014,-832.3953,259.3377,107.5436,4
14.0213,16.0672,16.8335,-510.5577,-101.0129,-247.0696,4
4.0701,16.4596,13.7090,-91.5524,-277.0989,-257.5066,4
-3.2231,6.3625,19.0253,421.7518,-234.0081,-229.1253,4
-5.3635,0.8518,19.6014,597.7767,149.2916,-359.0078,4
1.6887,-7.5864,19.6014,566.2216,514.2198,-498.3507,4
12.3068,-9.4785,19.6014,559.5078,781.9804,-177.7339,4
16.7934,-10.1629,19.6014,720.8233,515.9288,152.0992,4
15.7788,-15.5276,14.7732,656.9807,51.7576,187.0722,4
8.8761,-19.6020,9.7842,387.2670,-127.0138,84.4114,4
5.5567,-18.6927,12.1124,-192.5043,-225.3412,149.4136,4
5.6105,-13.7066,17.7756,-617.0028,-287.2917,152.5264,4
2.9234,-9.8261,19.5930,-770.2617,-270.4460,178.3442,4
4.6594,-4.8813,19.6014,-815.5496,-79.2234,500.6090,4
8.5734,1.3316,19.6014,-803.3426,223.6322,327.8189,4
12.4498,12.0173,18.7657,-696.2872,167.4190,87.0359,4
7.6540,16.9441,12.2321,-297.5456,-104.3698,-136.1080,4
3.1256,14.6051,12.0652,224.6087,-192.1381,-105.4684,4
0.4797,5.1822,16.8131,508.8487,-76.0496,-191.9550,4
0.0245,-2.1960,19.3495,515.8677,75.8054,-301.3298,4
2.4466,-3.8644,19.4243,449.8889,342.4673,-444.7010,4
8.5244,-5.7565,19.6014,479.1247,434.5081,-276.2444,4
11.2151,-9.0472,18.4911,549.8643,364.0737,-102.4167,4
10.6396,-14.1655,14.6321,538.2066,194.4575,78.7351,4
9.5916,-16.3256,10.3459,289.4890,40.6493,89.4773,4
8.4215,-15.3164,8.1158,26.7943,-79.9558,165.9541,4
7.9393,-12.3918,11.3527,-341.1246,-194.0302,106.8112,4
4.8538,-9.2709,18.3595,-520.4454,-242.5530,124.3893,4
1.3405,-6.4953,19.6014,-605.7723,-211.3031,321.2272,4
4.5990,-1.0887,19.6014,-654.6614,45.3490,367.7969,4
9.3463,3.5623,19.6014,-601.2557,156.2496,202.0868,4
11.6249,11.4765,14.7780,-512.4498,29.0526,5.6152,4
4.4027,13.6612,11.7523,-203.5517,-165.8931,-214.7821,4
0.7848,10.3244,13.9340,222.4725,-135.4366,-182.3725,4
-1.6247,3.0658,17.2355,396.7275,-12.8783,-246.9476,4
0.6646,-3.8135,19.6014,519.9571,255.7976,-317.7481,4
3.1800,-6.3870,19.5918,474.9743,554.8081,-344.4205,4
10.1952,-9.1866,19.6014,522.3375,626.4632,-134.8263,4
14.7798,-12.5036,18.7872,586.4852,468.1994,164.7334,4
14.8127,-14.0285,11.6841,440.4285,155.0289,195.1288,4
12.2584,-15.3176,6.8069,44.2503,-191.1005,154.3575,4
6.7052,-12.9708,10.3196,-247.3748,-321.9596,47.2410,4
0.7130,-10.6085,16.8867,-537.7183,-392.5771,80.1389,4
0.3242,-8.9144,19.6014,-633.9705,-205.1996,445.3113,4
4.0869,-2.8612,19.6014,-732.2368,32.9589,493.1628,4
10.4099,7.5684,19.6014,-830.2590,171.2642,104.2477,4
9.8428,14.6578,18.6107,-606.1996,-15.3808,-258.5442,4
3.7232,17.1056,14.0099,-183.8984,-110.9616,-236.1444,4
1.9339,8.6859,17.4466,421.8739,-70.1292,-113.2809,4
2.0368,1.0283,19.6014,701.7194,64.9412,-155.9444,4
2.2492,-5.8139,19.6014,734.0679,169.7993,-227.1722,4
6.6640,-9.1142,19.6014,623.3504,379.5766,-332.0914,4
9.7800,-11.2498,19.6014,633.7874,370.9707,24.1698,4
11.0410,-13.8927,13.2861,453.3069,230.2850,140.9298,4
11.4227,-14.4598,6.0951,194.2743,89.1110,119.1403,4
9.9032,-13.5744,5.7858,-255.1873,-137.5728,38.2079,4
6.6777,-9.8763,12.9015,-557.9209,-277.0989,13.7328,4
3.2662,-6.6185,19.6014,-638.0598,-265.6243,117.9806,4
3.1579,-1.4919,19.6014,-654.9055,-125.3048,280.8830,4
4.3686,3.0681,19.2388,-631.0408,-9.2162,162.8413,4
4.9722,9.3475,16.1766,-547.7891,1.5869,-20.9960,4
3.4342,11.7882,14.4293,-250.5486,-33.5082,-107.1774,4
0.3966,10.7096,13.4285,125.1827,18.5546,-132.2628,4
-1.4859,4.0929,15.8177,341.4297,88.5617,-138.5494,4
0.7579,-3.7381,19.6014,552.6109,321.1051,-127.6852,4
4.1054,-6.6616,19.5810,531.8590,531.1876,-123.7789,4
10.1587,-9.6071,19.6008,561.7050,563.7192,14.5873,4
12.1561,-11.4281,13.8329,585.3256,338.2559,197.3261,4
11.1750,-13.5583,8.1960,339.9649,50.2928,145.0802,4
9.0568,-14.1780,6.1405,75.3782,-82.5193,128.1734,4
7.7940,-11.2408,12.9361,-274.1692,-267.8825,160.9492,4
3.3523,-9.2925,13.7467,-560.5454,-344.0542,50.5369,4
-1.2765,-6.9385,19.2466,-655.2717,-323.9127,178.2221,4
3.4139,-2.6297,19.5900,-744.7490,-69.3967,448.9734,4
7.7844,3.1447,19.6014,-777.5858,128.8448,31.7992,4
9.3170,12.1220,18.0376,-636.9002,15.8690,-193.6030,4
3.8668,13.7132,15.0580,-109.3136,-138.1832,-174.4380,4
0.5204,9.6711,16.1324,384.9477,-77.5144,-153.0757,4
-1.4781,0.1567,19.6008,663.1452,145.2633,-169.3721,4
1.1078,-7.6019,19.5996,692.4420,326.4762,-215.2094,4
6.6179,-10.4219,19.6014,608.4578,557.7378,-240.1116,4
10.3274,-12.1782,19.4153,614.0731,467.2839,123.6569,4
11.7768,-15.3092,11.2863,557.3716,290.4655,206.3593,4
10.4793,-16.3011,4.8119,124.5113,74.0964,72.3875,4
8.7427,-14.3060,6.5820,-337.2794,-172.7900,78.3079,4
5.0632,-9.8392,15.3643,-563.7192,-252.1966,9.0331,4
1.2113,-6.2009,19.6014,-666.9904,-273.2536,150.3292,4
1.1491,-4.6737,19.6014,-618.1624,-102.7829,409.0565,4
3.9684,0.5940,19.6014,-606.9931,68.4812,307.9826,4
9.6107,8.1912,18.3613,-568.9682,150.6343,92.4680,4
8.8456,12.8422,13.0809,-284.0568,-12.1459,-158.0806,4
4.5218,11.8743,11.3509,58.7767,-125.3658,-100.8908,4
0.7345,3.4755,15.7465,450.9265,-120.1779,-105.3464,4
1.3824,-2.4622,19.0953,556.3340,22.7660,-186.7671,4
2.6662,-6.6281,18.9798,531.4927,131.7135,-259.0325,4
5.0111,-8.8743,15.6059,479.9792,251.0369,-208.5565,4
6.2626,-10.2083,12.6843,423.2777,212.1576,-82.4582,4
6.9260,-12.9756,9.8680,312.3161,91.0031,0.8544,4
5.6829,-14.9754,8.0877,167.6631,-4.5776,98.0832,4
4.6983,-14.2241,9.3649,-131.4693,-92.9563,123.7789,4
1.3908,-12.0831,12.0556,-312.0109,-113.5861,156.1275,4
0.7525,-8.0679,18.1728,-549.2539,-15.3197,270.6902,4
4.0875,-4.0737,19.6014,-739.3779,161.9868,275.0237,4
10.3770,4.0091,19.6014,-751.4628,173.5835,157.0430,4
9.2578,11.6680,14.7176,-538.0845,2.8686,-96.0690,4
6.0275,13.2514,12.3182,-85.0827,-158.9351,-175.1094,4
2.1146,8.3072,14.7912,207.1527,-158.9961,-187.6826,4
0.9726,0.0221,17.4873,487.3644,-41.8089,-252.5628,4
2.1637,-4.1413,18.9314,666.3190,105.1633,-249.9383,4
5.5351,-8.8971,19.5960,670.2863,228.5760,-223.4491,4
7.4458,-13.5056,17.8642,674.8029,194.8237,-39.7948,4
6.8757,-18.2243,11.6602,478.6975,116.6989,39.9779,4
6.1884,-19.0510,7.6857,2.8686,36.6820,85.3269,4
4.7665,-15.6185,10.1252,-329.4058,-50.5980,63.0491,4
0.9786,-10.7832,16.9806,-577.5131,-112.6095,178.4053,4
0.4301,-7.7168,19.6014,-660.1545,73.3640,373.4731,4
7.0396,-2.4616,19.6014,-706.9683,245.4217,377.9287,4
13.5338,7.1994,19.4865,-736.6924,278.7468,78.3079,4
13.0307,13.8424,14.5585,-491.3317,-22.5219,-286.3762,4
6.0927,14.3683,13.7826,-81.3596,-184.8139,-279.0520,4
2.2911,5.7469,19.0331,424.6815,-150.2071,-235.5950,4
0.8967,0.7627,19.6014,699.4611,-8.9111,-264.0984,4
2.4161,-7.2598,19.6014,734.0679,169.4942,-368.5293,4
9.3056,-11.6177,19.6014,646.6658,411.1317,-353.6367,4
11.1015,-14.2905,18.2010,623.5946,289.0007,60.4246,4
10.2915,-18.3146,9.0939,273.2536,128.3565,-26.7943,4
9.1698,-17.8408,6.7914,-4.0893,-9.0942,64.2088,4
7.9465,-14.9665,10.8233,-364.9892,-186.4008,88.3176,4
3.3834,-10.2586,16.1862,-522.4595,-276.4885,175.6587,4
0.5964,-7.4476,19.6014,-590.5136,-154.4795,355.6509,4
1.7318,-4.7886,19.5876,-630.5526,173.6445,461.1804,4
9.8147,2.7786,19.6008,-696.4093,343.0777,180.4804,4
14.3019,13.4697,15.6125,-615.2327,213.9276,-84.5945,4
8.6709,15.7405,12.3290,-107.1774,-125.6710,-168.0293,4
4.6546,10.8347,15.4965,386.2905,-203.0024,-168.6397,4
0.4187,0.9565,19.3956,566.0996,-122.8024,-269.1033,4
0.1764,-6.5228,19.5960,664.4880,124.2672,-362.6089,4
5.4831,-9.6047,19.6014,603.7582,439.9402,-418.4559,4
9.7340,-13.4901,19.0899,656.5534,398.1313,-22.6439,4
9.9302,-17.7828,11.2211,448.1189,232.7264,-3.9672,4
10.1820,-18.6101,7.8765,48.2786,50.8421,65.6736,4
8.7361,-15.1908,11.2325,-184.0205,-92.4069,146.4839,4
2.9001,-11.6955,14.5268,-444.2127,-251.0979,86.4865,4
-1.8975,-10.0289,18.6251,-709.2877,-186.8891,257.3235,4
1.8011,-4.6995,19.5762,-819.2728,138.9156,453.6121,4
10.2382,4.8418,19.6008,-810.4227,252.8680,246.6424,4
10.7820,14.8564,15.2823,-593.9926,70.4343,-183.5932,4
7.0181,16.3352,12.9302,-17.0287,-154.6626,-169.7993,4
2.5274,8.7595,16.7509,339.3545,-157.8975,-196.0444,4
0.5132,-1.8508,19.6014,673.8264,-55.2366,-211.2421,4
0.1920,-5.9527,19.5996,717.6495,249.0838,-461.8518,4
5.9228,-11.6542,19.6014,682.9816,446.0437,-403.8685,4
9.0879,-17.3048,19.2604,722.4713,383.4829,57.3728,4
9.9655,-19.6020,12.3511,386.7177,267.6384,-34.0575,4
10.1802,-19.3812,4.9268,-151.2447,16.7846,83.1907,4
9.4845,-12.4941,12.3918,-461.7908,-130.0045,50.5369,4
4.5266,-8.4191,19.3800,-543.0894,-291.8693,125.6100,4
0.2829,-6.4127,19.5786,-528.9903,-233.9471,344.8477,4
-1.3615,-3.1064,19.6014,-602.8427,-44.0062,389.5253,4
6.9613,4.0773,19.6014,-703.6114,233.2147,236.3275,4
10.4159,10.7539,17.8995,-558.5313,142.0284,-124.6334,4
8.4843,15.2093,12.3140,-224.4256,-19.7143,-189.9409,4
4.4518,9.1196,16.1096,322.8751,-151.5499,-182.3115,4
1.6366,1.7928,19.6014,650.7551,-68.6033,-291.9303,4
0.8566,-5.8737,19.5996,728.7578,196.5937,-426.2684,4
5.5268,-11.2935,19.6014,667.6008,399.1078,-424.5594,4
7.8891,-17.4209,18.9655,697.5690,378.2338,27.8929,4
8.6279,-19.6020,13.1497,351.8667,313.9030,-38.8182,4
11.6871,-19.4907,6.6604,44.0672,179.3818,81.4817,4
11.4041,-13.4979,11.7439,-398.5585,-105.7736,83.0686,4
6.9930,-10.2370,16.6217,-574.2172,-347.4722,76.1716,4
0.7399,-7.4069,19.6014,-631.5901,-322.6920,253.6004,4
1.4428,-3.9427,19.6014,-625.1815,-19.5312,566.0385,4
6.2273,1.1060,19.6014,-719.4195,256.1638,209.8993,4
10.4075,11.1828,16.8370,-682.2492,173.8887,-68.9085,4
6.9062,15.5832,11.6757,-232.0550,-72.5095,-183.1049,4
3.5318,12.0430,13.4303,325.2555,-154.6016,-168.8228,4
0.1860,2.2809,18.9445,636.9612,-44.4945,-257.3235,4
0.2141,-5.6362,19.5846,696.1652,131.5914,-379.9428,4
4.1922,-8.9102,19.6014,623.1063,473.3264,-460.2038,4
10.4973,-13.3112,19.6014,698.6066,455.7483,54.8094,4
11.7888,-17.4490,13.0654,579.0390,314.7575,41.8700,4
11.2695,-18.6341,7.8664,145.3853,91.8576,11.1083,4
9.9379,-15.6029,10.3675,-266.6008,-143.0050,54.6263,4
6.4307,-10.5230,15.2727,-367.3696,-264.4646,42.0531,4
-3.7818,-9.5904,15.2105,-480.2844,-356.4443,111.7550,4
-6.5204,-8.5028,19.6014,-582.8232,-60.3636,624.8153,4
6.3050,-2.9282,19.6002,-667.1735,265.3191,734.7393,4
13.9262,7.2047,19.4859,-793.6381,399.2299,-42.6024,4
14.4299,15.0711,14.0739,-485.5334,-22.1557,-179.5649,4
7.1898,16.6642,12.8189,-55.3587,-208.7397,-282.1647,4
0.2386,5.2989,19.3854,557.1885,-290.2214,-195.8002,4
-3.0448,-2.6081,19.5780,785.1542,-78.7351,-295.2873,4
2.1696,-9.6012,19.6014,707.6397,316.6495,-559.9960,4
8.1882,-14.5411,19.6014,680.7233,384.6425,-166.8696,4
10.3423,-18.9798,15.8991,576.6586,286.4372,-7.7514,4
9.3260,-19.6020,9.5371,198.2416,75.9275,6.5307,4
5.1373,-18.9206,7.9866,-109.4967,-58.6546,112.8537,4
3.8488,-12.9254,16.5308,-549.8032,-78.4910,192.5654,4
3.8273,-9.6263,19.6014,-736.0820,-52.6732,318.3585,4
3.9332,-3.0789,19.6014,-853.8186,48.2176,269.2253,4
8.5854,6.9607,19.6014,-867.1853,149.0474,147.7046,4
7.6911,13.3980,17.7385,-484.0685,19.4091,-189.2695,4
3.5712,15.3074,12.2961,-65.5515,-92.7732,-74.1575,4
3.0652,7.1569,16.2089,439.0247,-96.3132,-131.9576,4
4.0331,0.4289,19.6014,689.4513,-54.7483,-143.4322,4
4.1688,-6.6586,19.6014,684.8126,45.7762,-306.7008,4
6.2542,-11.0709,19.5708,615.2327,115.7833,-398.9247,4
5.9988,-14.3557,16.6570,551.2681,111.8771,-168.0293,4
4.4273,-16.6785,13.5116,339.9039,88.5617,-55.2366,4
2.2498,-17.6482,10.6325,142.1505,65.0633,33.3861,4
0.3044,-15.0580,11.1068,-251.6473,68.7864,110.1681,4
0.1621,-11.5441,17.2127,-553.4653,146.2398,239.3182,4
3.4342,-6.1387,19.6014,-681.2116,239.7454,262.5115,4
11.5651,0.4366,19.6014,-740.2324,260.1311,357.4209,4
13.2209,5.8893,19.3716,-684.5685,76.4158,4.2114,4
9.3565,12.7363,15.1531,-555.4795,-105.5295,-221.5570,4
1.9363,13.4991,14.9282,-82.5803,-265.0750,-261.5960,4
-1.4333,9.1393,16.9405,342.4673,-141.9674,-354.8574,4
-1.3866,0.5778,19.4973,546.5684,-15.7470,-342.4673,4
5.1894,-7.9046,19.5978,691.0993,251.9524,-395.0185,4
10.5140,-11.1505,19.6014,731.6875,388.2436,-170.3486,4
11.2558,-14.9880,17.6488,667.3566,151.1226,32.8368,4
7.6151,-19.6020,8.2977,412.8407,34.8509,-69.1526,4
5.5387,-19.5798,8.2552,-103.6374,-81.1765,102.9660,4
4.7174,-14.6027,14.3605,-388.9150,-100.2194,149.0474,4
0.8895,-9.8380,18.8973,-574.2783,-137.2066,201.4765,4
0.7645,-7.5673,19.6014,-788.2670,6.1645,348.3267,4
5.6153,0.1692,19.6014,-869.5045,198.9130,291.7472,4
11.9467,9.1022,19.5619,-689.4513,204.9555,108.7643,4
10.1084,14.9264,13.7838,-344.0542,-25.5736,-207.3358,4
4.2957,14.2660,13.5212,184.0815,-157.3482,-184.8750,4
-1.1168,5.5118,17.1613,444.2737,-111.9992,-258.6052,4
-2.2378,-3.4247,18.7268,655.5158,130.6759,-283.9958,4
4.2837,-6.8709,19.6014,621.2142,461.3025,-456.4807,4
11.6464,-10.8053,19.6014,681.0285,471.4953,-116.3937,4
11.9647,-17.2755,17.6452,759.5805,263.1829,144.0426,4
9.3732,-19.6020,10.0055,335.9976,55.1756,20.8129,4
8.1679,-19.6020,8.9730,-88.1345,-35.2782,79.5286,4
8.2163,-13.0283,18.0035,-553.8316,-154.1133,176.4521,4
4.2681,-9.8913,19.6014,-726.9878,-281.8596,163.6958,4
0.8548,-5.1631,19.6014,-778.6234,-182.8608,349.2422,4
6.8895,2.5465,19.6014,-796.0795,174.8652,477.5988,4
10.8514,8.9880,19.6014,-650.1448,195.5561,23.9867,4
9.3948,16.8311,12.4755,-418.5780,33.9354,-111.6330,4
5.0602,14.0841,12.9302,153.5640,-127.5631,-168.5786,4
2.5052,6.6466,16.7683,596.0067,-176.2080,-158.3858,4
-1.2658,-3.7094,19.6014,693.6017,11.0473,-384.7036,4
1.1324,-8.8881,19.6008,599.3026,271.3616,-583.0673,4
8.5351,-14.6709,19.6014,666.8684,457.6404,-147.0943,4
10.6187,-16.8999,18.8022,565.4892,362.1206,115.9054,4
12.8674,-19.0289,8.4975,276.6106,257.6897,-23.4984,4
11.9437,-15.4773,9.1686,-175.5366,-66.0398,139.7701,4
9.2799,-12.0012,14.2528,-465.7580,-270.3240,35.5834,4
0.8177,-9.5838,19.2789,-522.5206,-386.5346,152.8926,4
-3.9918,-5.6404,19.6014,-703.3062,-163.6348,350.5240,4
1.1246,0.8781,19.6014,-763.6088,201.5986,449.2175,4
9.4917,8.1218,19.2251,-594.0536,242.2479,48.5228,4
9.9607,15.1974,11.0709,-355.1626,86.1814,-67.4436,4
7.7246,14.8414,10.4183,147.8878,-116.6989,-177.3677,4
2.8576,6.0287,15.7118,541.5635,-175.6587,-200.9882,4
0.3451,-3.7190,19.6014,648.3748,-60.4246,-297.4845,4
1.4482,-7.3698,19.5948,620.1156,268.7370,-466.6125,4
7.6941,-11.4777,19.6014,663.3283,387.0839,-122.1310,4
9.6927,-16.3094,16.2616,679.6857,275.9392,95.2145,4
8.0614,-19.6020,8.2564,309.6915,109.4967,-40.7103,4
7.0079,-19.3483,8.8654,-150.0240,-65.9788,88.2566,4
4.6624,-13.5523,13.1216,-418.2728,-142.2725,64.7581,4
0.3038,-8.9700,19.3746,-637.0222,-202.1479,124.2672,4
0.2733,-5.3521,19.5810,-687.3151,2.5634,409.8500,4
5.6823,0.3535,19.6014,-661.3142,161.6817,385.9853,4
9.8285,7.7108,15.7423,-549.1929,179.1377,125.1217,4
9.4301,11.9641,11.4233,-308.0436,-22.5829,-123.1075,4
5.6344,11.7906,11.1942,-11.3525,-142.3946,-175.4145,4
1.1952,4.6450,15.3074,377.8676,-210.4486,-190.0629,4
0.9176,-1.0408,17.6105,565.1230,-56.5794,-308.1657,4
0.6693,-6.4576,19.6014,544.6763,227.9657,-450.0720,4
5.2911,-10.3932,19.6014,558.0430,355.8340,-300.7194,4
8.2672,-14.8073,15.4785,565.8554,320.5558,39.8558,4
9.2285,-16.9519,10.8155,310.4240,174.3769,13.0004,4
8.6368,-17.3234,8.3964,94.2990,18.3104,73.7913,4
4.6109,-13.9950,11.2259,-243.4075,-167.1138,100.5856,4
0.8201,-11.4251,15.4271,-515.4405,-191.7719,179.5039,4
-1.5798,-7.0576,19.6014,-674.4978,-61.4012,354.7964,4
6.5521,0.3804,19.6014,-804.0140,212.2186,364.7451,4
10.6905,5.9359,19.6014,-763.6699,201.2323,-2.8076,4
10.3645,14.7248,15.0442,-574.9497,29.7240,-221.7401,4
4.9411,13.6749,14.8103,-4.3945,-168.0903,-284.4230,4
1.3902,7.6965,17.2055,494.0173,-167.2969,-257.6897,4
-1.7252,-3.0203,19.6014,757.8105,79.3454,-360.6558,4
4.6683,-9.3828,19.6014,664.1218,369.4448,-598.8754,4
9.5742,-16.1635,19.6014,797.7884,518.2481,-3.6010,4
10.0887,-19.4249,18.4008,636.1677,362.2427,24.1088,4
12.0406,-19.5954,7.6319,339.7207,257.9338,8.8500,4
11.0913,-18.7387,8.8307,-223.4491,-63.4153,143.4322,4
8.3150,-13.1365,13.7712,-609.3123,-293.3341,16.6015,4
1.0701,-8.8678,19.6014,-660.7038,-369.0176,191.7719,4
0.3613,-5.2869,19.6014,-680.3571,-99.9142,514.3419,4
4.2616,0.5276,19.6014,-743.1621,278.6858,350.7071,4
11.2971,9.1322,19.4596,-712.6446,301.5129,86.5476,4
10.5344,16.5062,11.7738,-357.9702,58.2884,-164.4282,4
7.7958,15.0472,11.4281,228.3929,-158.7520,-120.5441,4
4.0002,5.0470,17.8863,512.0836,-184.8750,-167.1138,4
1.2879,-4.1276,19.5786,693.0524,-94.6042,-275.3899,4
3.5898,-7.6432,19.6014,665.7697,188.9033,-480.4675,4
5.8271,-12.0969,19.6014,644.5296,266.7229,-154.1744,4
6.9870,-17.3557,15.5874,601.4389,238.2196,-21.6063,4
7.5038,-19.6020,7.7569,213.3173,175.8418,-39.4286,4
8.6356,-17.7625,7.9992,-195.4340,0.3662,83.8010,4
7.7324,-11.3988,12.3984,-398.9857,-127.3190,53.6497,4
1.5780,-8.8995,17.0943,-440.3064,-262.8777,159.7896,4
-1.3405,-6.7507,19.6014,-531.6759,-70.0681,377.7456,4
2.0045,-2.3001,19.6014,-597.3495,144.5308,434.5081,4
9.9840,5.3712,19.5009,-629.5760,310.8512,178.9546,4
12.4354,11.2295,14.7158,-466.4294,116.1496,-91.0031,4
9.6909,14.7116,10.9866,-173.7666,-66.8333,-213.9887,4
3.9272,7.6456,15.3433,331.7252,-226.1957,-191.5278,4
0.7752,1.2083,18.3218,560.3012,-136.1690,-316.1612,4
0.5330,-4.7222,18.7202,598.5702,144.1036,-511.9005,4
5.1272,-10.4099,19.5858,580.1987,360.8999,-407.5917,4
8.0446,-14.9102,16.9704,591.1849,368.5903,38.8182,4
9.0269,-17.1092,10.7407,311.9498,278.6858,-57.9832,4
10.8855,-17.0656,6.3690,92.1628,120.7272,45.1659,4
10.3351,-12.9158,10.5631,-255.4314,-110.4733,67.3826,4
7.7192,-9.7334,14.2462,-401.2440,-292.5407,86.0593,4
0.1609,-7.6468,16.4566,-413.6341,-345.3360,190.2460,4
-3.1028,-4.9340,19.5768,-500.6090,-109.9850,395.0795,4
1.2771,-1.6079,19.5948,-578.6118,244.1399,404.0516,4
9.6741,5.6883,18.7232,-593.6264,324.5841,158.2637,4
12.1770,13.5511,11.5124,-411.8031,134.8873,-96.9235,4
10.3100,14.0428,10.6181,54.4432,-128.9059,-199.8896,4
5.1960,6.9888,15.3960,428.6488,-203.7958,-261.9011,4
0.4133,-2.0338,19.6014,554.7471,-123.9010,-350.1578,4
3.9894,-7.6719,19.6014,602.6596,167.9683,-514.4029,4
5.7349,-11.1517,19.5846,656.8586,375.6704,-159.2403,4
7.9202,-16.5092,17.0626,633.9705,348.9981,88.9279,4
10.0163,-19.3764,8.6069,305.7243,263.5491,-29.6630,4
11.6213,-18.5712,7.6677,-65.1243,15.5028,142.3336,4
10.2442,-13.9704,12.2602,-307.4332,-130.7980,93.4445,4
3.0257,-9.9756,16.9070,-486.9372,-314.0861,171.3862,4
-1.3286,-7.7724,19.6014,-632.5667,-156.4937,346.0684,4
2.3946,-3.1124,19.6014,-696.6535,223.2660,527.7086,4
11.9790,5.9982,19.6014,-709.3487,366.1489,224.1815,4
14.7230,12.8554,15.9607,-496.9469,123.8400,-114.3185,4
10.9148,16.6540,10.8095,31.3109,-178.1611,-228.0877,4
4.7437,8.0614,16.8059,361.1441,-263.7932,-234.2523,4
-1.0319,-1.7048,19.6014,598.7533,-158.9351,-341.0635,4
-2.2414,-4.6366,19.2059,616.9417,172.1186,-602.3544,4
5.5250,-11.3276,19.5960,601.8051,458.4338,-484.7399,4
11.0183,-16.4398,19.5015,686.2164,460.8752,156.4937,4
13.3052,-18.8638,12.1375,399.7792,312.1940,-12.9394,4
13.6193,-19.4542,6.2877,128.1124,59.8753,96.0690,4
9.5575,-15.2093,12.9661,-328.2462,-202.7582,55.7859,4
6.0329,-11.9108,18.6041,-486.9982,-336.4859,216.8573,4
-1.5714,-8.6500,19.6014,-632.8718,-257.1404,326.4762,4
2.2055,-2.7696,19.6014,-808.5306,123.1075,481.1389,4
9.8961,2.9413,19.6014,-762.9985,378.7832,258.4221,4
15.5222,14.0081,16.8891,-489.6227,156.0054,-114.6237,4
11.9258,17.7966,10.9286,-128.9059,-90.8811,-173.0342,4
5.8630,8.3557,17.7655,418.1507,-262.0232,-229.3084,4
1.4327,0.7968,19.6014,678.4650,-184.1425,-293.3341,4
-1.6265,-5.9569,19.6014,682.5543,44.5555,-466.5515,4
6.6777,-12.0335,19.6014,614.7445,511.1681,-527.5255,4
9.8458,-15.7046,19.6014,706.4801,409.4227,156.8599,4
12.8225,-19.6020,12.1369,491.2707,343.9322,-49.2552,4
13.5553,-19.5882,7.9268,72.7537,58.0442,127.5631,4
11.0811,-17.0231,10.9387,-368.4682,-208.3124,62.3777,4
4.2765,-11.7972,18.0299,-513.9757,-324.7062,108.0929,4
-2.1708,-8.2019,19.5744,-667.8449,-227.6605,392.5160,4
0.5994,-4.5924,19.6014,-791.5018,190.6123,545.8970,4
11.8402,3.9756,19.6014,-836.9729,417.8456,119.9337,4
15.9379,16.5176,17.9407,-693.1134,242.1868,-174.9263,4
10.8107,18.8333,13.8041,-79.0403,-91.6745,-290.1604,4
6.5653,12.4067,17.2528,542.7842,-218.2611,-267.1502,4
0.4516,-1.4590,19.5900,756.2236,-167.4800,-312.8654,4
6.2386,-9.6376,19.6014,776.9755,213.5004,-714.0484,4
8.1822,-14.3306,19.6008,798.0936,535.5821,-169.7993,4
12.2907,-19.6020,19.6014,825.3152,477.1716,166.3814,4
15.7764,-19.6020,8.6584,417.9066,387.2060,-14.6484,4
15.0819,-19.6014,5.7457,-213.4393,-12.3901,136.2911,4
11.1032,-14.4311,14.1714,-617.1859,-294.9821,78.7961,4
3.1250,-9.1555,19.6014,-683.0426,-383.6049,199.6454,4
0.2398,-6.3894,19.6014,-761.5336,-157.4092,453.8562,4
3.7842,0.0903,19.6014,-804.9906,250.2434,408.6903,4
12.1160,10.1473,19.6014,-755.6132,356.0171,70.0071,4
11.6368,18.1352,12.2877,-341.9180,75.4392,-130.9200,4
8.8301,16.3657,12.0029,253.6004,-123.5348,-154.6626,4
5.8504,5.5034,19.4482,539.1221,-163.6958,-175.7807,4
--- COMPLETED Running (7 mph) ---

========================================
ALL DATA COLLECTION COMPLETE!
========================================
